id,name
0,
1,Vitaliy
2,
3,
4,
5,
6,
7,
8,
9,
10,
11,
12,
13,
14,
15,
16,
17,
18,
19,
20,
21,
22,
23,Vitaliy
24,
25,
26,
27,
28,
29,
30,
31,
32,
33,
34,
35,Vitaliy
36,
37,
38,
39,
40,
41,
42,
43,
44,Vitaliy
45,
46,
47,
48,
49,
50,
51,
52,
54,
55,
56,
57,
58,
59,
60,
61,
64,
69,
70,
100,
200,Vitaliy
209,Vitaliy
300,
400,
420,
500,Vitaliy
600,
694,
700,
777,
800,
900,
995,
1000,
1098,
2000,Vitaliy
3000,
4000,
4105,
5000,Vitaliy
6000,
6795,
7000,
7777,
8000,
8659,
9000,
10000,
11000,Vitaliy
11613,
12000,
13000,
13277,
13698,
